{"cameraMode":{"drawMode":0,"name":"Shaded","section":"Shading Mode"},"sceneLighting":true,"audioPlay":false,"sceneViewState":{"showFog":true,"showMaterialUpdate":false,"showSkybox":true,"showFlares":true,"showImageEffects":true,"showParticleSystems":true},"in2DMode":false,"pivot":{"x":25.30165672302246,"y":6.833079814910889,"z":3.8324201107025148},"rotation":{"x":0.021286416798830034,"y":0.014692967757582665,"z":0.0003129705146420747,"w":-0.999664843082428},"size":10.0,"orthographic":false}